0,1807.0417,4423,0,10
1,1807.125,4449,0,10
2,1807.2083,4414,0,10
3,1807.2917,4471,0,10
4,1807.375,4561,0,10
5,1807.4583,4470,0,10
6,1807.5417,4514,0,10
7,1807.625,4569,0,10
8,1807.7083,4519,0,10
9,1807.7917,4513,0,10
10,1807.875,4584,0,10
11,1807.9583,4373,0,10
12,1808.0417,4356,0,10
13,1808.125,4208,0,10
14,1808.2083,4314,0,10
15,1808.2917,4295,0,10
16,1808.375,4422,0,10
17,1808.4583,4347,0,10
18,1808.5417,4428,0,10
19,1808.625,4443,0,10
20,1808.7083,4464,0,10
21,1808.7917,4428,0,10
22,1808.875,4480,0,10
23,1808.9583,4439,0,10
24,1809.0417,4624,0,10
25,1809.125,4569,0,10
26,1809.2083,4314,0,10
27,1809.2917,4295,0,10
28,1809.375,4410,0,10
29,1809.4583,4473,0,10
30,1809.5417,4448,0,10
31,1809.625,4521,0,10
32,1809.7083,4585,0,10
33,1809.7917,4482,0,10
34,1809.875,4443,0,10
35,1809.9583,4511,0,10
36,1810.0417,4375,0,10
37,1810.125,4369,0,10
38,1810.2083,4556,0,10
39,1810.2917,4449,0,10
40,1810.375,4501,0,10
41,1810.4583,4403,0,10
42,1810.5417,4471,0,10
43,1810.625,4477,0,10
44,1810.7083,4457,0,10
45,1810.7917,4534,0,10
46,1810.875,4650,0,10
47,1810.9583,4331,0,10
48,1811.0417,4410,0,10
49,1811.125,4640,0,10
50,1811.2083,4384,0,10
51,1811.2917,4591,0,10
52,1811.375,4580,0,10
53,1811.4583,4487,0,10
54,1811.5417,4399,0,10
55,1811.625,4448,0,10
56,1811.7083,4501,0,10
57,1811.7917,4653,0,10
58,1811.875,4378,0,10
59,1811.9583,4471,0,10
60,1812.0417,4435,0,10
61,1812.125,4531,0,10
62,1812.2083,4425,0,10
63,1812.2917,4432,0,10
64,1812.375,4498,0,10
65,1812.4583,4466,0,10
66,1812.5417,4422,0,10
67,1812.625,4466,0,10
68,1812.7083,4465,0,10
69,1812.7917,4660,0,10
70,1812.875,4562,0,10
71,1812.9583,4529,0,10
72,1813.0417,4352,0,10
73,1813.125,4443,0,10
74,1813.2083,4231,0,10
75,1813.2917,4340,0,10
76,1813.375,4477,0,10
77,1813.4583,4403,0,10
78,1813.5417,4480,0,10
79,1813.625,4366,0,10
80,1813.7083,4464,0,10
81,1813.7917,4656,0,10
82,1813.875,4548,0,10
83,1813.9583,4555,0,10
84,1814.0417,4592,0,10
85,1814.125,4331,0,10
86,1814.2083,4424,0,10
87,1814.2917,4442,0,10
88,1814.375,4436,0,10
89,1814.4583,4369,0,10
90,1814.5417,4429,0,10
91,1814.625,4389,0,10
92,1814.7083,4472,0,10
93,1814.7917,4534,0,10
94,1814.875,4511,0,10
95,1814.9583,4589,0,10
96,1815.0417,4411,0,10
97,1815.125,4435,0,10
98,1815.2083,4467,0,10
99,1815.2917,4329,0,10
100,1815.375,4381,0,10
101,1815.4583,4460,0,10
102,1815.5417,4363,0,10
103,1815.625,4418,0,10
104,1815.7083,4509,0,10
105,1815.7917,4608,0,10
106,1815.875,4477,0,10
107,1815.9583,4468,0,10
108,1816.0417,4456,0,10
109,1816.125,4424,0,10
110,1816.2083,4422,0,10
111,1816.2917,4481,0,10
112,1816.375,4405,0,10
113,1816.4583,4340,0,10
114,1816.5417,4519,0,10
115,1816.625,4470,0,10
116,1816.7083,4513,0,10
117,1816.7917,4587,0,10
118,1816.875,4570,0,10
119,1816.9583,4532,0,10
120,1817.0417,4515,0,10
121,1817.125,4291,0,10
122,1817.2083,4361,0,10
123,1817.2917,4258,0,10
124,1817.375,4464,0,10
125,1817.4583,4433,0,10
126,1817.5417,4473,0,10
127,1817.625,4544,0,10
128,1817.7083,4543,0,10
129,1817.7917,4563,0,10
130,1817.875,4543,0,10
131,1817.9583,4554,0,10
132,1818.0417,4449,0,10
133,1818.125,4490,0,10
134,1818.2083,4429,0,10
135,1818.2917,4550,0,10
136,1818.375,4488,0,10
137,1818.4583,4430,0,10
138,1818.5417,4420,0,10
139,1818.625,4446,0,10
140,1818.7083,4500,0,10
141,1818.7917,4571,0,10
142,1818.875,4592,0,10
143,1818.9583,4432,0,10
144,1819.0417,4533,0,10
145,1819.125,4473,0,10
146,1819.2083,4331,0,10
147,1819.2917,4481,0,10
148,1819.375,4464,0,10
149,1819.4583,4401,0,10
150,1819.5417,4404,0,10
151,1819.625,4350,0,10
152,1819.7083,4467,0,10
153,1819.7917,4532,0,10
154,1819.875,4540,0,10
155,1819.9583,4535,0,10
156,1820.0417,4472,0,10
157,1820.125,4412,0,10
158,1820.2083,4304,0,10
159,1820.2917,4350,0,10
160,1820.375,4434,0,10
161,1820.4583,4324,0,10
162,1820.5417,4397,0,10
163,1820.625,4462,0,10
164,1820.7083,4387,0,10
165,1820.7917,4561,0,10
166,1820.875,4530,0,10
167,1820.9583,4492,0,10
168,1821.0417,4550,0,10
169,1821.125,4338,0,10
170,1821.2083,4505,0,10
171,1821.2917,4437,0,10
172,1821.375,4358,0,10
173,1821.4583,4365,0,10
174,1821.5417,4461,0,10
175,1821.625,4436,0,10
176,1821.7083,4484,0,10
177,1821.7917,4504,0,10
178,1821.875,4616,0,10
179,1821.9583,4766,0,10
180,1822.0417,4333,0,10
181,1822.125,4373,0,10
182,1822.2083,4353,0,10
183,1822.2917,4427,0,10
184,1822.375,4404,0,10
185,1822.4583,4420,0,10
186,1822.5417,4485,0,10
187,1822.625,4487,0,10
188,1822.7083,4555,0,10
189,1822.7917,4705,0,10
190,1822.875,4607,0,10
191,1822.9583,4408,0,10
192,1823.0417,4595,0,10
193,1823.125,4596,0,10
194,1823.2083,4353,0,10
195,1823.2917,4389,0,10
196,1823.375,4429,0,10
197,1823.4583,4397,0,10
198,1823.5417,4452,0,10
199,1823.625,4480,0,10
200,1823.7083,4445,0,10
201,1823.7917,4582,0,10
202,1823.875,4440,0,10
203,1823.9583,4460,0,10
204,1824.0417,4334,0,10
205,1824.125,4502,0,10
206,1824.2083,4333,0,10
207,1824.2917,4251,0,10
208,1824.375,4418,0,10
209,1824.4583,4468,0,10
210,1824.5417,4412,0,10
211,1824.625,4433,0,10
212,1824.7083,4520,0,10
213,1824.7917,4651,0,10
214,1824.875,4575,0,10
215,1824.9583,4488,0,10
216,1825.0417,4312,0,10
217,1825.125,4298,0,10
218,1825.2083,4383,0,10
219,1825.2917,4402,0,10
220,1825.375,4456,0,10
221,1825.4583,4421,0,10
222,1825.5417,4401,0,10
223,1825.625,4465,0,10
224,1825.7083,4565,0,10
225,1825.7917,4473,0,10
226,1825.875,4464,0,10
227,1825.9583,4618,0,10
228,1826.0417,4421,0,10
229,1826.125,4448,0,10
230,1826.2083,4423,0,10
231,1826.2917,4287,0,10
232,1826.375,4373,0,10
233,1826.4583,4333,0,10
234,1826.5417,4425,0,10
235,1826.625,4480,0,10
236,1826.7083,4544,0,10
237,1826.7917,4499,0,10
238,1826.875,4434,0,10
239,1826.9583,4408,0,10
240,1827.0417,4318,0,10
241,1827.125,4318,0,10
242,1827.2083,4375,0,10
243,1827.2917,4351,0,10
244,1827.375,4422,0,10
245,1827.4583,4397,0,10
246,1827.5417,4366,0,10
247,1827.625,4405,0,10
248,1827.7083,4443,0,10
249,1827.7917,4605,0,10
250,1827.875,4461,0,10
251,1827.9583,4511,0,10
252,1828.0417,4535,0,10
253,1828.125,4477,0,10
254,1828.2083,4383,0,10
255,1828.2917,4433,0,10
256,1828.375,4487,0,10
257,1828.4583,4431,0,10
258,1828.5417,4542,0,10
259,1828.625,4493,0,10
260,1828.7083,4563,0,10
261,1828.7917,4497,0,10
262,1828.875,4581,0,10
263,1828.9583,4497,0,10
264,1829.0417,4453,0,10
265,1829.125,4380,0,10
266,1829.2083,4524,0,10
267,1829.2917,4596,0,10
268,1829.375,4376,0,10
269,1829.4583,4386,0,10
270,1829.5417,4509,0,10
271,1829.625,4429,0,10
272,1829.7083,4525,0,10
273,1829.7917,4390,0,10
274,1829.875,4451,0,10
275,1829.9583,4411,0,10
276,1830.0417,4340,0,10
277,1830.125,4353,0,10
278,1830.2083,4304,0,10
279,1830.2917,4454,0,10
280,1830.375,4435,0,10
281,1830.4583,4428,0,10
282,1830.5417,4444,0,10
283,1830.625,4492,0,10
284,1830.7083,4482,0,10
285,1830.7917,4398,0,10
286,1830.875,4594,0,10
287,1830.9583,4540,0,10
288,1831.0417,4540,0,10
289,1831.125,4438,0,10
290,1831.2083,4442,0,10
291,1831.2917,4556,0,10
292,1831.375,4532,0,10
293,1831.4583,4454,0,10
294,1831.5417,4438,0,10
295,1831.625,4464,0,10
296,1831.7083,4487,0,10
297,1831.7917,4601,0,10
298,1831.875,4465,0,10
299,1831.9583,4563,0,10
300,1832.0417,4454,0,10
301,1832.125,4389,0,10
302,1832.2083,4288,0,10
303,1832.2917,4354,0,10
304,1832.375,4393,0,10
305,1832.4583,4456,0,10
306,1832.5417,4412,0,10
307,1832.625,4464,0,10
308,1832.7083,4424,0,10
309,1832.7917,4447,0,10
310,1832.875,4486,0,10
311,1832.9583,4400,0,10
312,1833.0417,4374,0,10
313,1833.125,4527,0,10
314,1833.2083,4398,0,10
315,1833.2917,4408,0,10
316,1833.375,4350,0,10
317,1833.4583,4432,0,10
318,1833.5417,4400,0,10
319,1833.625,4441,0,10
320,1833.7083,4452,0,10
321,1833.7917,4564,0,10
322,1833.875,4490,0,10
323,1833.9583,4477,0,10
324,1834.0417,4546,0,10
325,1834.125,4328,0,10
326,1834.2083,4321,0,10
327,1834.2917,4345,0,10
328,1834.375,4436,0,10
329,1834.4583,4389,0,10
330,1834.5417,4428,0,10
331,1834.625,4497,0,10
332,1834.7083,4484,0,10
333,1834.7917,4449,0,10
334,1834.875,4514,0,10
335,1834.9583,4335,0,10
336,1835.0417,4377,0,10
337,1835.125,4317,0,10
338,1835.2083,4274,0,10
339,1835.2917,4285,0,10
340,1835.375,4374,0,10
341,1835.4583,4355,0,10
342,1835.5417,4386,0,10
343,1835.625,4426,0,10
344,1835.7083,4585,0,10
345,1835.7917,4586,0,10
346,1835.875,4568,0,10
347,1835.9583,4410,0,10
468,1846.0417,4614,0,0
469,1846.125,4474,0,0
470,1846.2083,4507,0,0
471,1846.2917,4560,0,0
472,1846.375,4460,0,0
473,1846.4583,4487,0,0
474,1846.5417,4478,0,0
475,1846.625,4444,0,0
476,1846.7083,4484,0,0
477,1846.7917,4582,0,0
478,1846.875,4556,0,0
479,1846.9583,4485,0,0
480,1847.0417,4582,0,0
481,1847.125,4608,0,0
482,1847.2083,4474,0,0
483,1847.2917,4438,0,0
484,1847.375,4492,0,0
485,1847.4583,4441,0,0
486,1847.5417,4411,0,0
487,1847.625,4386,0,0
488,1847.7083,4377,0,0
489,1847.7917,4542,0,0
490,1847.875,4497,0,0
491,1847.9583,4547,0,0
492,1848.0417,4491,0,0
493,1848.125,4492,0,0
494,1848.2083,4469,0,0
495,1848.2917,4502,0,0
496,1848.375,4404,0,0
497,1848.4583,4561,0,0
498,1848.5417,4464,0,0
499,1848.625,4471,0,0
500,1848.7083,4510,0,0
501,1848.7917,4640,0,0
502,1848.875,4526,0,0
503,1848.9583,4644,0,0
504,1849.0417,4512,0,0
505,1849.125,4354,0,0
506,1849.2083,4381,0,0
507,1849.2917,4527,0,0
508,1849.375,4488,0,0
509,1849.4583,4458,0,0
510,1849.5417,4458,0,0
511,1849.625,4463,0,0
512,1849.7083,4517,0,0
513,1849.7917,4626,0,0
514,1849.875,4585,0,0
515,1849.9583,4544,0,0
516,1850.0417,4463,0,0
517,1850.125,4397,0,0
518,1850.2083,4380,0,0
519,1850.2917,4583,0,0
520,1850.375,4509,0,0
521,1850.4583,4445,0,0
522,1850.5417,4453,0,0
523,1850.625,4397,0,0
524,1850.7083,4454,0,0
525,1850.7917,4464,0,0
526,1850.875,4496,0,0
527,1850.9583,4479,0,0
528,1851.0417,4589,0,0
529,1851.125,4450,0,0
530,1851.2083,4463,0,0
531,1851.2917,4480,0,0
532,1851.375,4365,0,0
533,1851.4583,4411,0,0
534,1851.5417,4456,0,0
535,1851.625,4410,0,0
536,1851.7083,4402,0,0
537,1851.7917,4528,0,0
538,1851.875,4436,0,0
539,1851.9583,4393,0,0
540,1852.0417,4522,0,0
541,1852.125,4292,0,0
542,1852.2083,4394,0,0
543,1852.2917,4441,0,0
544,1852.375,4439,0,0
545,1852.4583,4590,0,0
546,1852.5417,4457,0,0
547,1852.625,4544,0,0
548,1852.7083,4525,0,0
549,1852.7917,4593,0,0
550,1852.875,4774,0,0
551,1852.9583,4717,0,0
552,1853.0417,4659,0,0
553,1853.125,4519,0,0
554,1853.2083,4453,0,0
555,1853.2917,4446,0,0
556,1853.375,4468,0,0
557,1853.4583,4462,0,0
558,1853.5417,4464,0,0
559,1853.625,4472,0,0
560,1853.7083,4427,0,0
561,1853.7917,4654,0,0
562,1853.875,4548,0,0
563,1853.9583,4586,0,0
564,1854.0417,4598,0,0
565,1854.125,4284,0,0
566,1854.2083,4310,0,0
567,1854.2917,4368,0,0
568,1854.375,4462,0,0
569,1854.4583,4449,0,0
570,1854.5417,4452,0,0
571,1854.625,4397,0,0
572,1854.7083,4408,0,0
573,1854.7917,4537,0,0
574,1854.875,4497,0,0
575,1854.9583,4351,0,0
576,1855.0417,4372,0,0
577,1855.125,4572,0,0
578,1855.2083,4515,0,0
579,1855.2917,4346,0,0
580,1855.375,4450,0,0
581,1855.4583,4388,0,0
582,1855.5417,4476,0,0
583,1855.625,4438,0,0
584,1855.7083,4447,0,0
585,1855.7917,4621,0,0
586,1855.875,4511,0,0
587,1855.9583,4552,0,0
588,1856.0417,4689,0,0
589,1856.125,4464,0,0
590,1856.2083,4466,0,0
591,1856.2917,4525,0,0
592,1856.375,4496,0,0
593,1856.4583,4394,0,0
594,1856.5417,4438,0,0
595,1856.625,4528,0,0
596,1856.7083,4564,0,0
597,1856.7917,4543,0,0
598,1856.875,4496,0,0
599,1856.9583,4589,0,0
600,1857.0417,3969,0,0
601,1857.125,3940,0,0
602,1857.2083,3992,0,0
603,1857.2917,3997,0,0
604,1857.375,3959,2,0
635,1859.9583,4111,0,0
636,1860.0417,4099,13,0
640,1860.375,3954,1,0
641,1860.4583,4071,0,0
642,1860.5417,3956,0,0
643,1860.625,4031,0,0
644,1860.7083,4025,0,0
645,1860.7917,3942,0,0
646,1860.875,4129,0,0
647,1860.9583,4166,0,0
648,1861.0417,4462,0,0
649,1861.125,4594,0,0
650,1861.2083,4426,0,0
651,1861.2917,4367,0,0
652,1861.375,4369,0,0
653,1861.4583,4447,0,0
654,1861.5417,4527,0,0
655,1861.625,4418,0,0
656,1861.7083,4489,0,0
657,1861.7917,4568,0,0
658,1861.875,4602,0,0
659,1861.9583,4451,0,0
660,1862.0417,4495,0,0
661,1862.125,4477,0,0
662,1862.2083,4617,0,0
663,1862.2917,4442,0,0
664,1862.375,4485,0,0
665,1862.4583,4468,0,0
666,1862.5417,4480,0,0
667,1862.625,4464,0,0
668,1862.7083,4442,0,0
669,1862.7917,4533,0,0
670,1862.875,4480,0,0
671,1862.9583,4455,0,0
672,1863.0417,4538,0,0
673,1863.125,4361,0,0
674,1863.2083,4442,0,0
675,1863.2917,4390,0,0
676,1863.375,4427,0,0
677,1863.4583,4434,0,0
678,1863.5417,4397,0,0
679,1863.625,4456,0,0
680,1863.7083,4487,0,0
681,1863.7917,4522,0,0
682,1863.875,4513,0,0
683,1863.9583,4511,0,0
684,1864.0417,4443,0,0
685,1864.125,4454,0,0
686,1864.2083,4432,0,0
687,1864.2917,4411,0,0
688,1864.375,4449,0,0
689,1864.4583,4406,0,0
690,1864.5417,4409,0,0
691,1864.625,4405,0,0
692,1864.7083,4474,0,0
693,1864.7917,4626,0,0
694,1864.875,4608,0,0
695,1864.9583,4492,0,0
696,1865.0417,4576,0,0
697,1865.125,4492,0,0
698,1865.2083,4386,0,0
699,1865.2917,4420,0,0
700,1865.375,4543,0,0
701,1865.4583,4390,0,0
702,1865.5417,4450,0,0
703,1865.625,4475,0,0
704,1865.7083,4411,0,0
705,1865.7917,4680,0,0
706,1865.875,4610,0,0
707,1865.9583,4477,0,0
708,1866.0417,4490,0,0
709,1866.125,4501,0,0
710,1866.2083,4575,0,0
711,1866.2917,4510,0,0
712,1866.375,4482,0,0
713,1866.4583,4479,0,0
714,1866.5417,4456,0,0
715,1866.625,4488,0,0
716,1866.7083,4572,0,0
717,1866.7917,4499,0,0
718,1866.875,4480,0,0
719,1866.9583,4493,0,0
720,1867.0417,4648,0,0
721,1867.125,4434,0,0
722,1867.2083,4610,0,0
723,1867.2917,4450,0,0
724,1867.375,4555,0,0
725,1867.4583,4408,0,0
726,1867.5417,4493,0,0
727,1867.625,4428,0,0
728,1867.7083,4421,0,0
729,1867.7917,4456,0,0
730,1867.875,4426,0,0
731,1867.9583,4398,0,0
732,1868.0417,4453,0,0
733,1868.125,4312,0,0
734,1868.2083,4390,0,0
735,1868.2917,4395,0,0
736,1868.375,4410,0,0
737,1868.4583,4348,0,0
738,1868.5417,4387,0,0
739,1868.625,4440,0,0
740,1868.7083,4611,0,0
741,1868.7917,4503,0,0
742,1868.875,4481,0,0
743,1868.9583,4750,0,0
744,1869.0417,4560,0,0
745,1869.125,4485,0,0
746,1869.2083,4395,0,0
747,1869.2917,4413,0,0
748,1869.375,4529,0,0
749,1869.4583,4389,0,0
750,1869.5417,4398,0,0
751,1869.625,4356,0,0
752,1869.7083,4521,0,0
753,1869.7917,4432,0,0
754,1869.875,4391,0,0
755,1869.9583,4525,0,0
756,1870.0417,4461,0,0
757,1870.125,4499,0,0
758,1870.2083,4395,0,0
759,1870.2917,4337,0,0
760,1870.375,4371,0,0
761,1870.4583,4305,0,0
762,1870.5417,4386,0,0
763,1870.625,4389,0,0
764,1870.7083,4400,0,0
765,1870.7917,4530,0,0
766,1870.875,4552,0,0
767,1870.9583,4501,0,0
768,1871.0417,4420,0,0
769,1871.125,4410,0,0
770,1871.2083,4405,0,0
771,1871.2917,4463,0,0
772,1871.375,4383,0,0
773,1871.4583,4407,0,0
774,1871.5417,4444,0,0
775,1871.625,4421,0,0
776,1871.7083,4574,0,0
777,1871.7917,4564,0,0
778,1871.875,4516,0,0
779,1871.9583,4393,0,0
780,1872.0417,4593,0,0
781,1872.125,4586,0,0
782,1872.2083,4504,0,0
783,1872.2917,4429,0,0
784,1872.375,4403,0,0
785,1872.4583,4415,0,0
786,1872.5417,4463,0,0
787,1872.625,4460,0,0
788,1872.7083,4470,0,0
789,1872.7917,4554,0,0
790,1872.875,4609,0,0
791,1872.9583,4680,0,0
792,1873.0417,4708,0,0
793,1873.125,4400,0,0
794,1873.2083,4541,0,0
795,1873.2917,4409,0,0
796,1873.375,4447,0,0
797,1873.4583,4447,0,0
798,1873.5417,4459,0,0
799,1873.625,4455,0,0
800,1873.7083,4450,0,0
801,1873.7917,4512,0,0
802,1873.875,4554,0,0
803,1873.9583,4377,0,0
804,1874.0417,4430,0,0
805,1874.125,4463,0,0
806,1874.2083,4308,0,0
807,1874.2917,4422,0,0
808,1874.375,4373,0,0
809,1874.4583,4375,0,0
810,1874.5417,4407,0,0
811,1874.625,4410,0,0
812,1874.7083,4491,0,0
813,1874.7917,4614,0,0
814,1874.875,4491,0,0
815,1874.9583,4438,0,0
816,1875.0417,4555,0,0
817,1875.125,4472,0,0
818,1875.2083,4401,0,0
819,1875.2917,4411,0,0
820,1875.375,4406,0,0
821,1875.4583,4427,0,0
822,1875.5417,4417,0,0
823,1875.625,4434,0,0
824,1875.7083,4491,0,0
825,1875.7917,4591,0,0
826,1875.875,4597,0,0
827,1875.9583,4459,0,0
828,1876.0417,4386,0,0
829,1876.125,4517,0,0
830,1876.2083,4531,0,0
831,1876.2917,4461,0,0
832,1876.375,4368,0,0
833,1876.4583,4404,0,0
834,1876.5417,4397,0,0
835,1876.625,4461,0,0
836,1876.7083,4507,0,0
837,1876.7917,4618,0,0
838,1876.875,4658,0,0
839,1876.9583,4863,0,0
840,1877.0417,4690,0,0
841,1877.125,4438,0,0
842,1877.2083,4489,0,0
843,1877.2917,4587,0,0
844,1877.375,4524,0,0
845,1877.4583,4501,0,0
846,1877.5417,4487,0,0
847,1877.625,4543,0,0
848,1877.7083,4522,0,0
849,1877.7917,4486,0,0
850,1877.875,4618,0,0
851,1877.9583,4443,0,0
852,1878.0417,4366,0,0
853,1878.125,4407,0,0
854,1878.2083,4359,0,0
855,1878.2917,4553,0,0
856,1878.375,4589,0,0
857,1878.4583,4557,0,0
858,1878.5417,4472,0,0
859,1878.625,4607,0,0
860,1878.7083,4527,0,0
861,1878.7917,4558,0,0
862,1878.875,4567,0,0
863,1878.9583,4630,0,0
864,1879.0417,4585,0,0
865,1879.125,4687,0,0
866,1879.2083,4481,0,0
867,1879.2917,4639,0,0
868,1879.375,4425,0,0
869,1879.4583,4614,0,0
870,1879.5417,4540,0,0
871,1879.625,4542,0,0
872,1879.7083,4488,0,0
873,1879.7917,4469,0,0
874,1879.875,4426,0,0
875,1879.9583,4404,0,0
876,1880.0417,4364,0,0
877,1880.125,4529,0,0
878,1880.2083,4467,0,0
879,1880.2917,4484,0,0
880,1880.375,4391,0,0
881,1880.4583,4461,0,0
882,1880.5417,4483,0,0
883,1880.625,4516,0,0
884,1880.7083,4512,0,0
885,1880.7917,4653,0,0
886,1880.875,4552,0,0
887,1880.9583,4536,0,0
888,1881.0417,4590,0,0
889,1881.125,4535,0,0
890,1881.2083,4545,0,0
891,1881.2917,4584,0,0
892,1881.375,4422,0,0
893,1881.4583,4450,0,0
894,1881.5417,4419,0,0
895,1881.625,4529,0,0
896,1881.7083,4544,0,0
897,1881.7917,4547,0,0
898,1881.875,4628,0,0
899,1881.9583,4519,0,0
900,1882.0417,4387,0,0
901,1882.125,4428,0,0
902,1882.2083,4415,0,0
903,1882.2917,4524,0,0
904,1882.375,4503,0,0
905,1882.4583,4495,0,0
906,1882.5417,4524,0,0
907,1882.625,4455,0,0
908,1882.7083,4516,0,0
909,1882.7917,4651,0,0
910,1882.875,4640,0,0
911,1882.9583,4633,0,0
912,1883.0417,4618,0,0
913,1883.125,4552,0,0
914,1883.2083,4489,0,0
915,1883.2917,4467,0,0
916,1883.375,4495,0,0
917,1883.4583,4473,0,0
918,1883.5417,4478,0,0
919,1883.625,4440,0,0
920,1883.7083,4557,0,0
921,1883.7917,4484,0,0
922,1883.875,4564,0,0
923,1883.9583,4399,0,0
924,1884.0417,4441,0,0
925,1884.125,4570,0,0
926,1884.2083,4528,0,0
927,1884.2917,4581,0,0
928,1884.375,4410,0,0
929,1884.4583,4389,0,0
930,1884.5417,4473,0,0
931,1884.625,4493,0,0
932,1884.7083,4486,0,0
933,1884.7917,4449,0,0
934,1884.875,4474,0,0
935,1884.9583,4510,0,0
936,1885.0417,4554,0,0
937,1885.125,4623,0,0
938,1885.2083,4441,0,0
939,1885.2917,4497,0,0
940,1885.375,4542,0,0
941,1885.4583,4428,0,0
942,1885.5417,4391,0,0
943,1885.625,4474,0,0
944,1885.7083,4505,0,0
945,1885.7917,4564,0,0
946,1885.875,4578,0,0
947,1885.9583,4440,0,0
948,1886.0417,4533,0,0
949,1886.125,4407,0,0
950,1886.2083,4523,0,0
951,1886.2917,4490,0,0
952,1886.375,4538,0,0
953,1886.4583,4501,0,0
954,1886.5417,4499,0,0
955,1886.625,4487,0,0
956,1886.7083,4499,0,0
957,1886.7917,4656,0,0
958,1886.875,4548,0,0
959,1886.9583,4620,0,0
960,1887.0417,4482,0,0
961,1887.125,4406,0,0
962,1887.2083,4419,0,0
963,1887.2917,4397,0,0
964,1887.375,4389,0,0
965,1887.4583,4406,0,0
966,1887.5417,4427,0,0
967,1887.625,4483,0,0
968,1887.7083,4468,0,0
969,1887.7917,4440,0,0
970,1887.875,4609,0,0
971,1887.9583,4471,0,0
972,1888.0417,4374,0,0
973,1888.125,4361,0,0
974,1888.2083,4490,0,0
975,1888.2917,4416,0,0
976,1888.375,4411,0,0
977,1888.4583,4470,0,0
978,1888.5417,4508,0,0
979,1888.625,4474,0,0
980,1888.7083,4423,0,0
981,1888.7917,4487,0,0
982,1888.875,4621,0,0
983,1888.9583,4602,0,0
984,1889.0417,4344,0,0
985,1889.125,4342,0,0
986,1889.2083,4422,0,0
987,1889.2917,4440,0,0
988,1889.375,4496,0,0
989,1889.4583,4427,0,0
990,1889.5417,4445,0,0
991,1889.625,4450,0,0
992,1889.7083,4416,0,0
993,1889.7917,4585,0,0
994,1889.875,4426,0,0
995,1889.9583,4403,0,0
996,1890.0417,4488,0,0
997,1890.125,4420,0,0
998,1890.2083,4466,0,0
999,1890.2917,4451,0,0
1000,1890.375,4508,0,0
1001,1890.4583,4377,0,0
1002,1890.5417,4407,0,0
1003,1890.625,4433,0,0
1004,1890.7083,4406,0,0
1005,1890.7917,4392,0,0
1006,1890.875,4467,0,0
1007,1890.9583,4480,0,0
1008,1891.0417,4353,0,0
1009,1891.125,4243,0,0
1010,1891.2083,4453,0,0
1011,1891.2917,4431,0,0
1012,1891.375,4472,0,0
1013,1891.4583,4457,0,0
1014,1891.5417,4438,0,0
1015,1891.625,4475,0,0
1016,1891.7083,4457,0,0
1017,1891.7917,4640,0,0
1018,1891.875,4543,0,0
1019,1891.9583,4519,0,0
1020,1892.0417,4477,0,0
1021,1892.125,4528,0,0
1022,1892.2083,4448,0,0
1023,1892.2917,4418,0,0
1024,1892.375,4434,0,0
1025,1892.4583,4429,0,0
1026,1892.5417,4447,0,0
1027,1892.625,4460,0,0
1028,1892.7083,4424,0,0
1029,1892.7917,4572,0,0
1030,1892.875,4547,0,0
1031,1892.9583,4503,0,0
1032,1893.0417,4449,0,0
1033,1893.125,4561,0,0
1034,1893.2083,4427,0,0
1035,1893.2917,4465,0,0
1036,1893.375,4509,0,0
1037,1893.4583,4456,0,0
1038,1893.5417,4464,0,0
1039,1893.625,4484,0,0
1040,1893.7083,4515,0,0
1041,1893.7917,4537,0,0
1042,1893.875,4446,0,0
1043,1893.9583,4453,0,0
1044,1894.0417,4486,0,0
1045,1894.125,4334,0,0
1046,1894.2083,4412,0,0
1047,1894.2917,4536,0,0
1048,1894.375,4403,0,0
1049,1894.4583,4394,0,0
1050,1894.5417,4476,0,0
1051,1894.625,4445,0,0
1052,1894.7083,4447,0,0
1053,1894.7917,4567,0,0
1054,1894.875,4569,0,0
1055,1894.9583,4477,0,0
1056,1895.0417,4542,0,0
1057,1895.125,4450,0,0
1058,1895.2083,4456,0,0
1059,1895.2917,4465,0,0
1060,1895.375,4374,0,0
1061,1895.4583,4406,0,0
1062,1895.5417,4479,0,0
1063,1895.625,4490,0,0
1064,1895.7083,4469,0,0
1065,1895.7917,4581,0,0
1066,1895.875,4661,0,0
1067,1895.9583,4610,0,0
1068,1896.0417,4402,0,0
1069,1896.125,4391,0,0
1070,1896.2083,4422,0,0
1071,1896.2917,4310,0,0
1072,1896.375,4342,0,0
1073,1896.4583,4462,0,0
1074,1896.5417,4423,0,0
1075,1896.625,4409,0,0
1076,1896.7083,4517,0,0
1077,1896.7917,4560,0,0
1078,1896.875,4454,0,0
1079,1896.9583,4566,0,0
1080,1897.0417,4506,0,0
1081,1897.125,4445,0,0
1082,1897.2083,4535,0,0
1083,1897.2917,4502,0,0
1084,1897.375,4459,0,0
1085,1897.4583,4428,0,0
1086,1897.5417,4422,0,0
1087,1897.625,4531,0,0
1088,1897.7083,4448,0,0
1089,1897.7917,4496,0,0
1090,1897.875,4514,0,0
1091,1897.9583,4564,0,0
1092,1898.0417,4395,0,0
1093,1898.125,4399,0,0
1094,1898.2083,4418,0,0
1095,1898.2917,4421,0,0
1096,1898.375,4497,0,0
1097,1898.4583,4411,0,0
1098,1898.5417,4363,0,0
1099,1898.625,4396,0,0
1100,1898.7083,4442,0,0
1101,1898.7917,4605,0,0
1102,1898.875,4565,0,0
1103,1898.9583,4481,0,0
1104,1899.0417,4574,0,0
1105,1899.125,4598,0,0
1106,1899.2083,4419,0,0
1107,1899.2917,4444,0,0
1108,1899.375,4443,0,0
1109,1899.4583,4446,0,0
1110,1899.5417,4412,0,0
1111,1899.625,4478,0,0
1112,1899.7083,4512,0,0
1113,1899.7917,4530,0,0
1114,1899.875,4492,0,0
1115,1899.9583,4579,0,0
1116,1900.0417,4425,0,0
1117,1900.125,4640,0,0
1118,1900.2083,4462,0,0
1119,1900.2917,4400,0,0
1120,1900.375,4478,0,0
1121,1900.4583,4459,0,0
1122,1900.5417,4404,0,0
1123,1900.625,4474,0,0
1124,1900.7083,4438,0,0
1125,1900.7917,4484,0,0
1126,1900.875,4570,0,0
1127,1900.9583,4505,0,0
1128,1901.0417,4493,0,0
1129,1901.125,4395,0,0
1130,1901.2083,4434,0,0
1131,1901.2917,4458,0,0
1132,1901.375,4364,0,0
1133,1901.4583,4412,0,0
1134,1901.5417,4426,0,0
1135,1901.625,4414,0,0
1136,1901.7083,4569,0,0
1137,1901.7917,4506,0,0
1138,1901.875,4457,0,0
1139,1901.9583,4556,0,0
1140,1902.0417,4346,0,0
1141,1902.125,4495,0,0
1142,1902.2083,4429,0,0
1143,1902.2917,4449,0,0
1144,1902.375,4341,0,0
1145,1902.4583,4493,0,0
1146,1902.5417,4417,0,0
1147,1902.625,4478,0,0
1148,1902.7083,4493,0,0
1149,1902.7917,4539,0,0
1150,1902.875,4628,0,0
1151,1902.9583,4469,0,0
1152,1903.0417,4557,0,0
1153,1903.125,4411,0,0
1154,1903.2083,4502,0,0
1155,1903.2917,4445,0,0
1156,1903.375,4506,0,0
1157,1903.4583,4457,0,0
1158,1903.5417,4466,0,0
1159,1903.625,4505,0,0
1160,1903.7083,4516,0,0
1161,1903.7917,4680,0,0
1162,1903.875,4492,0,0
1163,1903.9583,4654,0,0
1164,1904.0417,4459,0,0
1165,1904.125,4636,0,0
1166,1904.2083,4482,0,0
1167,1904.2917,4407,0,0
1168,1904.375,4407,0,0
1169,1904.4583,4445,0,0
1170,1904.5417,4469,0,0
1171,1904.625,4422,0,0
1172,1904.7083,4489,0,0
1173,1904.7917,4461,0,0
1174,1904.875,4480,0,0
1175,1904.9583,4511,0,0
1176,1905.0417,4386,0,0
1177,1905.125,4302,0,0
1178,1905.2083,4440,0,0
1179,1905.2917,4507,0,0
1180,1905.375,4382,0,0
1181,1905.4583,4508,0,0
1182,1905.5417,4437,0,0
1183,1905.625,4520,0,0
1184,1905.7083,4497,0,0
1185,1905.7917,4455,0,0
1186,1905.875,4554,0,0
1187,1905.9583,4452,0,0
1188,1906.0417,4502,0,0
1189,1906.125,4433,0,0
1190,1906.2083,4404,0,0
1191,1906.2917,4375,0,0
1192,1906.375,4498,0,0
1193,1906.4583,4401,0,0
1194,1906.5417,4409,0,0
1195,1906.625,4449,0,0
1196,1906.7083,4406,0,0
1197,1906.7917,4541,0,0
1198,1906.875,4553,0,0
1199,1906.9583,4447,0,0
1200,1907.0417,4296,0,0
1201,1907.125,4319,0,0
1202,1907.2083,4348,0,0
1203,1907.2917,4503,0,0
1204,1907.375,4577,0,0
1205,1907.4583,4514,0,0
1206,1907.5417,4423,0,0
1207,1907.625,4394,0,0
1208,1907.7083,4418,0,0
1209,1907.7917,4619,0,0
1210,1907.875,4564,0,0
1211,1907.9583,4632,0,0
1212,1908.0417,4463,0,0
1213,1908.125,4318,0,0
1214,1908.2083,4471,0,0
1215,1908.2917,4368,0,0
1216,1908.375,4465,0,0
1217,1908.4583,4457,0,0
1218,1908.5417,4464,0,0
1219,1908.625,4497,0,0
1220,1908.7083,4459,0,0
1221,1908.7917,4563,0,0
1222,1908.875,4557,0,0
1223,1908.9583,4528,0,0
1224,1909.0417,4411,0,0
1225,1909.125,4448,0,0
1226,1909.2083,4656,0,0
1227,1909.2917,4485,0,0
1228,1909.375,4468,0,0
1229,1909.4583,4456,0,0
1230,1909.5417,4409,0,0
1231,1909.625,4451,0,0
1232,1909.7083,4461,0,0
1233,1909.7917,4591,0,0
1234,1909.875,4495,0,0
1235,1909.9583,4621,0,0
1236,1910.0417,4530,0,0
1237,1910.125,4562,0,0
1238,1910.2083,4391,0,0
1239,1910.2917,4486,0,0
1240,1910.375,4522,0,0
1241,1910.4583,4484,0,0
1242,1910.5417,4499,0,0
1243,1910.625,4478,0,0
1244,1910.7083,4449,0,0
1245,1910.7917,4585,0,0
1246,1910.875,4671,0,0
1247,1910.9583,4741,0,0
1248,1911.0417,4390,0,0
1249,1911.125,4417,0,0
1250,1911.2083,4427,0,0
1251,1911.2917,4492,0,0
1252,1911.375,4495,0,0
1253,1911.4583,4506,0,0
1254,1911.5417,4451,0,0
1255,1911.625,4524,0,0
1256,1911.7083,4518,0,0
1257,1911.7917,4628,0,0
1258,1911.875,4634,0,0
1259,1911.9583,4701,0,0
1260,1912.0417,4641,0,0
1261,1912.125,4803,0,0
1262,1912.2083,4615,0,0
1263,1912.2917,4341,0,0
1264,1912.375,4320,0,0
1265,1912.4583,4552,0,0
1266,1912.5417,4535,0,0
1267,1912.625,4601,0,0
1268,1912.7083,4511,0,0
1269,1912.7917,4608,0,0
1270,1912.875,4522,0,0
1271,1912.9583,4607,0,0
1272,1913.0417,4700,0,0
1273,1913.125,4551,0,0
1274,1913.2083,4552,0,0
1275,1913.2917,4581,0,0
1276,1913.375,4563,0,0
1277,1913.4583,4510,0,0
1278,1913.5417,4507,0,0
1279,1913.625,4535,0,0
1280,1913.7083,4628,0,0
1281,1913.7917,4787,0,0
1282,1913.875,4708,0,0
1283,1913.9583,4525,0,0
1284,1914.0417,4526,0,0
1285,1914.125,4753,0,0
1286,1914.2083,4659,0,0
1287,1914.2917,4542,0,0
1288,1914.375,4532,0,0
1289,1914.4583,4562,0,0
1290,1914.5417,4559,0,0
1291,1914.625,4527,0,0
1292,1914.7083,4548,0,0
1293,1914.7917,4587,0,0
1294,1914.875,4659,0,0
1295,1914.9583,4843,0,0
1296,1915.0417,4632,0,0
1297,1915.125,4696,0,0
1298,1915.2083,4536,0,0
1299,1915.2917,4426,0,0
1300,1915.375,4561,0,0
1301,1915.4583,4567,0,0
1302,1915.5417,4555,0,0
1303,1915.625,4534,0,0
1304,1915.7083,4574,0,0
1305,1915.7917,4603,0,0
1306,1915.875,4653,0,0
1307,1915.9583,4793,0,0
1308,1916.0417,4508,0,0
1309,1916.125,4609,0,0
1310,1916.2083,4722,0,0
1311,1916.2917,4515,0,0
1312,1916.375,4583,0,0
1313,1916.4583,4531,0,0
1314,1916.5417,4484,0,0
1315,1916.625,4582,0,0
1316,1916.7083,4531,0,0
1317,1916.7917,4643,0,0
1318,1916.875,4734,0,0
1319,1916.9583,4760,0,0
1321,1917.125,4527,0,0
1322,1917.2083,4537,0,0
1323,1917.2917,4442,0,0
1324,1917.375,4541,0,0
1325,1917.4583,4500,0,0
1326,1917.5417,4506,0,0
1327,1917.625,4511,0,0
1328,1917.7083,4499,0,0
1329,1917.7917,4606,0,0
1330,1917.875,4461,0,0
1331,1917.9583,4401,0,0
1332,1918.0417,4590,0,0
1333,1918.125,4440,0,0
1334,1918.2083,4500,0,0
1335,1918.2917,4513,0,0
1336,1918.375,4475,0,0
1337,1918.4583,4455,0,0
1338,1918.5417,4534,0,0
1339,1918.625,4495,0,0
1340,1918.7083,4606,0,0
1341,1918.7917,4541,0,0
1342,1918.875,4602,0,0
1343,1918.9583,4620,0,0
1344,1919.0417,4530,0,0
1345,1919.125,4650,0,0
1346,1919.2083,4539,0,0
1347,1919.2917,4425,0,0
1348,1919.375,4459,0,0
1349,1919.4583,4403,0,0
1350,1919.5417,4428,0,0
1351,1919.625,4479,0,0
1352,1919.7083,4540,0,0
1353,1919.7917,4458,0,0
1354,1919.875,4573,0,0
1355,1919.9583,4506,0,0
1356,1920.0417,4458,0,0
1357,1920.125,4451,0,0
1358,1920.2083,4548,0,0
1359,1920.2917,4636,0,0
1360,1920.375,4510,0,0
1361,1920.4583,4529,0,0
1362,1920.5417,4534,0,0
1363,1920.625,4464,0,0
1364,1920.7083,4479,0,0
1365,1920.7917,4692,0,0
1366,1920.875,4624,0,0
1367,1920.9583,4615,0,0
1368,1921.0417,4571,0,0
1369,1921.125,4469,0,0
1370,1921.2083,4472,0,0
1371,1921.2917,4441,0,0
1372,1921.375,4484,0,0
1373,1921.4583,4428,0,0
1374,1921.5417,4459,0,0
1375,1921.625,4474,0,0
1376,1921.7083,4481,0,0
1377,1921.7917,4544,0,0
1378,1921.875,4583,0,0
1379,1921.9583,4460,0,0
1380,1922.0417,4541,0,0
1381,1922.125,4554,0,0
1382,1922.2083,4545,0,0
1383,1922.2917,4543,0,0
1384,1922.375,4418,0,0
1385,1922.4583,4442,0,0
1386,1922.5417,4460,0,0
1387,1922.625,4460,0,0
1388,1922.7083,4431,0,0
1389,1922.7917,4569,0,0
1390,1922.875,4423,0,0
1391,1922.9583,4523,0,0
1392,1923.0417,4326,0,0
1393,1923.125,4613,0,0
1394,1923.2083,4464,0,0
1395,1923.2917,4588,0,0
1396,1923.375,4472,0,0
1397,1923.4583,4333,0,0
1398,1923.5417,4440,0,0
1399,1923.625,4438,0,0
1400,1923.7083,4432,0,0
1401,1923.7917,4597,0,0
1402,1923.875,4541,0,0
1403,1923.9583,4473,0,0
1404,1924.0417,4570,0,0
1405,1924.125,4479,0,0
1406,1924.2083,4609,0,0
1407,1924.2917,4511,0,0
1408,1924.375,4564,0,0
1409,1924.4583,4480,0,0
1410,1924.5417,4533,0,0
1411,1924.625,4527,0,0
1412,1924.7083,4589,0,0
1413,1924.7917,4655,0,0
1414,1924.875,4626,0,0
1415,1924.9583,4633,0,0
1416,1925.0417,4558,0,0
1417,1925.125,4639,0,0
1418,1925.2083,4362,0,0
1419,1925.2917,4496,0,0
1420,1925.375,4569,0,0
1421,1925.4583,4467,0,0
1422,1925.5417,4529,0,0
1423,1925.625,4514,0,0
1424,1925.7083,4495,0,0
1425,1925.7917,4614,0,0
1426,1925.875,4614,0,0
1427,1925.9583,4718,0,0
1428,1926.0417,4651,0,0
1429,1926.125,4668,0,0
1430,1926.2083,4470,0,0
1431,1926.2917,4562,0,0
1432,1926.375,4535,0,0
1433,1926.4583,4543,0,0
1434,1926.5417,4504,0,0
1435,1926.625,4507,0,0
1436,1926.7083,4515,0,0
1437,1926.7917,4622,0,0
1438,1926.875,4768,0,0
1439,1926.9583,4395,0,0
1440,1927.0417,4549,0,0
1441,1927.125,4520,0,0
1442,1927.2083,4605,0,0
1443,1927.2917,4474,0,0
1444,1927.375,4515,0,0
1445,1927.4583,4536,0,0
1446,1927.5417,4561,0,0
1447,1927.625,4597,0,0
1448,1927.7083,4584,0,0
1449,1927.7917,4575,0,0
1450,1927.875,4652,0,0
1451,1927.9583,4704,0,0
1452,1928.0417,4558,0,0
1453,1928.125,4493,0,0
1454,1928.2083,4684,0,0
1455,1928.2917,4657,0,0
1456,1928.375,4557,0,0
1457,1928.4583,4586,0,0
1458,1928.5417,4480,0,0
1459,1928.625,4565,0,0
1460,1928.7083,4541,0,0
1461,1928.7917,4616,0,0
1462,1928.875,4588,0,0
1463,1928.9583,4494,0,0
1464,1929.0417,4433,0,0
1465,1929.125,4499,0,0
1466,1929.2083,4398,0,0
1467,1929.2917,4441,0,0
1468,1929.375,4463,0,0
1469,1929.4583,4450,0,0
1470,1929.5417,4465,0,0
1471,1929.625,4436,0,0
1472,1929.7083,4469,0,0
1473,1929.7917,4545,0,0
1474,1929.875,4667,0,0
1475,1929.9583,4687,0,0
1476,1930.0417,4665,0,0
1477,1930.125,4486,0,0
1478,1930.2083,4478,0,0
1479,1930.2917,4581,0,0
1480,1930.375,4504,0,0
1481,1930.4583,4448,0,0
1482,1930.5417,4554,0,0
1483,1930.625,4553,0,0
1484,1930.7083,4604,0,0
1485,1930.7917,4623,0,0
1486,1930.875,4671,0,0
1487,1930.9583,4644,0,0
1488,1931.0417,4551,0,0
1489,1931.125,4475,0,0
1490,1931.2083,4612,0,0
1491,1931.2917,4550,0,0
1492,1931.375,4588,0,0
1493,1931.4583,4546,0,0
1494,1931.5417,4591,0,0
1495,1931.625,4590,0,0
1496,1931.7083,4491,0,0
1497,1931.7917,4530,0,0
1498,1931.875,4707,0,0
1499,1931.9583,4440,0,0
1500,1932.0417,4537,0,0
1501,1932.125,4409,0,0
1502,1932.2083,4546,0,0
1503,1932.2917,4541,0,0
1504,1932.375,4538,0,0
1505,1932.4583,4530,0,0
1506,1932.5417,4550,0,0
1507,1932.625,4533,0,0
1508,1932.7083,4614,0,0
1509,1932.7917,4660,0,0
1510,1932.875,4590,0,0
1511,1932.9583,4635,0,0
1512,1933.0417,4549,0,0
1513,1933.125,4529,0,0
1514,1933.2083,4592,0,0
1515,1933.2917,4476,0,0
1516,1933.375,4535,0,0
1517,1933.4583,4541,0,0
1518,1933.5417,4482,0,0
1519,1933.625,4487,0,0
1520,1933.7083,4573,0,0
1521,1933.7917,4624,0,0
1522,1933.875,4602,0,0
1523,1933.9583,4493,0,0
1524,1934.0417,4447,0,0
1525,1934.125,4285,0,0
1526,1934.2083,4537,0,0
1527,1934.2917,4604,0,0
1528,1934.375,4465,0,0
1529,1934.4583,4481,0,0
1530,1934.5417,4490,0,0
1531,1934.625,4510,0,0
1532,1934.7083,4566,0,0
1533,1934.7917,4503,0,0
1534,1934.875,4550,0,0
1535,1934.9583,4776,0,0
1536,1935.0417,4365,0,0
1537,1935.125,4525,0,0
1538,1935.2083,4428,0,0
1539,1935.2917,4535,0,0
1540,1935.375,4474,0,0
1541,1935.4583,4582,0,0
1542,1935.5417,4467,0,0
1543,1935.625,4516,0,0
1544,1935.7083,4578,0,0
1545,1935.7917,4581,0,0
1546,1935.875,4730,0,0
1547,1935.9583,4686,0,0
1548,1936.0417,4834,0,0
1549,1936.125,4822,0,0
1550,1936.2083,4685,0,0
1551,1936.2917,4580,0,0
1552,1936.375,4519,0,0
1553,1936.4583,4537,0,0
1554,1936.5417,4603,0,0
1555,1936.625,4478,0,0
1556,1936.7083,4523,0,0
1557,1936.7917,4509,0,0
1558,1936.875,4572,0,0
1559,1936.9583,4515,0,0
1560,1937.0417,4712,0,0
1561,1937.125,4693,0,0
1562,1937.2083,4695,0,0
1563,1937.2917,4599,0,0
1564,1937.375,4535,0,0
1565,1937.4583,4489,0,0
1566,1937.5417,4501,0,0
1567,1937.625,4474,0,0
1568,1937.7083,4561,0,0
1569,1937.7917,4587,0,0
1570,1937.875,4780,0,0
1571,1937.9583,4599,0,0
1572,1938.0417,4559,0,0
1573,1938.125,4416,0,0
1574,1938.2083,4446,0,0
1575,1938.2917,4401,0,0
1576,1938.375,4519,0,0
1577,1938.4583,4485,0,0
1578,1938.5417,4507,0,0
1579,1938.625,4482,0,0
1580,1938.7083,4482,0,0
1581,1938.7917,4604,0,0
1582,1938.875,4701,0,0
1583,1938.9583,4692,0,0
1584,1939.0417,4794,0,0
1585,1939.125,4429,0,0
1586,1939.2083,4466,0,0
1587,1939.2917,4518,0,0
1588,1939.375,4473,0,0
1589,1939.4583,4533,0,0
1590,1939.5417,4479,0,0
1591,1939.625,4514,0,0
1592,1939.7083,4536,0,0
1593,1939.7917,4649,0,0
1594,1939.875,4610,0,0
1595,1939.9583,4574,0,0
1596,1940.0417,4597,0,0
1597,1940.125,4642,0,0
1598,1940.2083,4610,0,0
1599,1940.2917,4550,0,0
1600,1940.375,4534,0,0
1601,1940.4583,4574,0,0
1602,1940.5417,4433,0,0
1603,1940.625,4470,0,0
1604,1940.7083,4533,0,0
1605,1940.7917,4688,0,0
1606,1940.875,4690,0,0
1607,1940.9583,4490,0,0
1608,1941.0417,4635,0,0
1609,1941.125,4697,0,0
1610,1941.2083,4696,0,0
1611,1941.2917,4563,0,0
1612,1941.375,4544,0,0
1613,1941.4583,4550,0,0
1614,1941.5417,4420,0,0
1615,1941.625,4587,0,0
1616,1941.7083,4520,0,0
1617,1941.7917,4529,0,0
1618,1941.875,4675,0,0
1619,1941.9583,4448,0,0
1620,1942.0417,4499,0,0
1621,1942.125,4445,0,0
1622,1942.2083,4595,0,0
1623,1942.2917,4585,0,0
1624,1942.375,4627,0,0
1625,1942.4583,4534,0,0
1626,1942.5417,4521,0,0
1627,1942.625,4564,0,0
1628,1942.7083,4652,0,0
1629,1942.7917,4703,0,0
1630,1942.875,4612,0,0
1631,1942.9583,4716,0,0
1632,1943.0417,4777,0,0
1633,1943.125,4474,0,0
1634,1943.2083,4556,0,0
1635,1943.2917,4524,0,0
1636,1943.375,4564,0,0
1637,1943.4583,4541,0,0
1638,1943.5417,4596,0,0
1639,1943.625,4579,0,0
1640,1943.7083,4618,0,0
1641,1943.7917,4718,0,0
1642,1943.875,4596,0,0
1643,1943.9583,4550,0,0
1749,1952.7917,4628,0,0
1750,1952.875,4632,0,0
1751,1952.9583,4638,0,0
1752,1953.0417,4484,0,0
1753,1953.125,4463,0,0
1754,1953.2083,4413,0,0
1755,1953.2917,4589,0,0
1756,1953.375,4544,0,0
1757,1953.4583,4568,0,0
1758,1953.5417,4522,0,0
1759,1953.625,4536,0,0
1760,1953.7083,4561,0,0
1761,1953.7917,4565,0,0
1762,1953.875,4559,0,0
1763,1953.9583,4667,0,0
1764,1954.0417,4458,0,0
1765,1954.125,4562,0,0
1766,1954.2083,4656,0,0
1767,1954.2917,4391,0,0
1768,1954.375,4491,0,0
1769,1954.4583,4540,0,0
1770,1954.5417,4550,0,0
1771,1954.625,4579,0,0
1772,1954.7083,4558,0,0
1773,1954.7917,4590,0,0
1774,1954.875,4725,0,0
1775,1954.9583,4572,0,0
1776,1955.0417,4717,0,0
1777,1955.125,4732,0,0
1778,1955.2083,4557,0,0
1779,1955.2917,4467,0,0
1780,1955.375,4581,0,0
1781,1955.4583,4580,0,0
1782,1955.5417,4552,0,0
1783,1955.625,4554,0,0
1784,1955.7083,4580,0,0
1785,1955.7917,4631,0,0
1786,1955.875,4656,0,0
1787,1955.9583,4667,0,0
1788,1956.0417,4613,0,0
1789,1956.125,4412,0,0
1790,1956.2083,4549,0,0
1791,1956.2917,4456,0,0
1792,1956.375,4403,0,0
1793,1956.4583,4422,0,0
1794,1956.5417,4528,0,0
1795,1956.625,4569,0,0
1796,1956.7083,4637,0,0
1797,1956.7917,4522,0,0
1798,1956.875,4526,0,0
1799,1956.9583,4597,0,0
1800,1957.0417,4487,0,0
1801,1957.125,4697,0,0
1802,1957.2083,4653,0,0
1803,1957.2917,4436,0,0
1804,1957.375,4519,0,0
1805,1957.4583,4519,0,0
1806,1957.5417,4524,0,0
1807,1957.625,4525,0,0
1808,1957.7083,4555,0,0
1809,1957.7917,4550,0,0
1810,1957.875,4614,0,0
1811,1957.9583,4698,0,0
1812,1958.0417,4620,0,0
1813,1958.125,4599,0,0
1814,1958.2083,4588,0,0
1815,1958.2917,4441,0,0
1816,1958.375,4510,0,0
1817,1958.4583,4568,0,0
1818,1958.5417,4566,0,0
1819,1958.625,4621,0,0
1820,1958.7083,4688,0,0
1821,1958.7917,4573,0,0
1822,1958.875,4525,0,0
1823,1958.9583,4766,0,0
1824,1959.0417,4695,0,0
1825,1959.125,4472,0,0
1826,1959.2083,4641,0,0
1827,1959.2917,4600,0,0
1828,1959.375,4499,0,0
1829,1959.4583,4517,0,0
1830,1959.5417,4518,0,0
1831,1959.625,4511,0,0
1832,1959.7083,4551,0,0
1833,1959.7917,4648,0,0
1834,1959.875,4647,0,0
1835,1959.9583,4739,0,0
1836,1960.0417,4569,0,0
1837,1960.125,4708,0,0
1838,1960.2083,4744,0,0
1839,1960.2917,4561,0,0
1840,1960.375,4565,0,0
1841,1960.4583,4533,0,0
1842,1960.5417,4600,0,0
1843,1960.625,4623,0,0
1844,1960.7083,4608,0,0
1845,1960.7917,4798,0,0
1846,1960.875,4843,0,0
1847,1960.9583,4675,0,0
1848,1961.0417,4658,0,0
1849,1961.125,4580,0,0
1850,1961.2083,4477,0,0
1851,1961.2917,4660,0,0
1852,1961.375,4574,0,0
1853,1961.4583,4491,0,0
1854,1961.5417,4529,0,0
1855,1961.625,4550,0,0
1856,1961.7083,4647,0,0
1857,1961.7917,4724,0,0
1858,1961.875,4664,0,0
1859,1961.9583,4750,0,0
1860,1962.0417,4679,0,0
1861,1962.125,4457,0,0
1862,1962.2083,4615,0,0
1863,1962.2917,4527,0,0
1864,1962.375,4513,0,0
1865,1962.4583,4485,0,0
1866,1962.5417,4574,0,0
1867,1962.625,4555,0,0
1868,1962.7083,4597,0,0
1869,1962.7917,4571,0,0
1870,1962.875,4642,0,0
1871,1962.9583,4526,0,0
1872,1963.0417,4543,0,0
1873,1963.125,4618,0,0
1874,1963.2083,4584,0,0
1875,1963.2917,4584,0,0
1876,1963.375,4475,0,0
1877,1963.4583,4572,0,0
1878,1963.5417,4519,0,0
1879,1963.625,4547,0,0
1880,1963.7083,4521,0,0
1881,1963.7917,4549,0,0
1882,1963.875,4878,0,0
1883,1963.9583,4700,0,0
1884,1964.0417,4520,0,0
1885,1964.125,4576,0,0
1886,1964.2083,4638,0,0
1887,1964.2917,4530,0,0
1888,1964.375,4520,0,0
1889,1964.4583,4535,0,0
1890,1964.5417,4452,0,0
1891,1964.625,4483,0,0
1892,1964.7083,4533,0,0
1893,1964.7917,4576,0,0
1894,1964.875,4566,0,0
1895,1964.9583,4672,0,0
1896,1965.0417,4555,0,0
1897,1965.125,4442,0,0
1898,1965.2083,4593,0,0
1899,1965.2917,4502,0,0
1900,1965.375,4571,0,0
1901,1965.4583,4554,0,0
1902,1965.5417,4588,0,0
1903,1965.625,4549,0,0
1904,1965.7083,4650,0,0
1905,1965.7917,4704,0,0
1906,1965.875,4782,0,0
1907,1965.9583,4730,0,0
1908,1966.0417,4770,0,0
1909,1966.125,4963,0,0
1910,1966.2083,4551,0,0
1911,1966.2917,4690,0,0
1912,1966.375,4552,0,0
1913,1966.4583,4629,0,0
1914,1966.5417,4553,0,0
1915,1966.625,4602,0,0
1916,1966.7083,4641,0,0
1917,1966.7917,4789,0,0
1918,1966.875,4611,0,0
1919,1966.9583,4583,0,0
1920,1967.0417,4592,0,0
1921,1967.125,4635,0,0
1922,1967.2083,4528,0,0
1923,1967.2917,4497,0,0
1924,1967.375,4683,0,0
1925,1967.4583,4515,0,0
1926,1967.5417,4540,0,0
1927,1967.625,4598,0,0
1928,1967.7083,4633,0,0
1929,1967.7917,4712,0,0
1930,1967.875,4678,0,0
1931,1967.9583,4536,0,0
1932,1968.0417,4530,0,0
1933,1968.125,4705,0,0
1934,1968.2083,4562,0,0
1935,1968.2917,4615,0,0
1936,1968.375,4585,0,0
1937,1968.4583,4575,0,0
1938,1968.5417,4549,0,0
1939,1968.625,4553,0,0
1940,1968.7083,4673,0,0
1941,1968.7917,4687,0,0
1942,1968.875,4809,0,0
1943,1968.9583,4770,0,0
1944,1969.0417,4753,0,0
1945,1969.125,4669,0,0
1946,1969.2083,4672,0,0
1947,1969.2917,4535,0,0
1948,1969.375,4657,0,0
1949,1969.4583,4616,0,0
1950,1969.5417,4500,0,0
1951,1969.625,4543,0,0
1952,1969.7083,4594,0,0
1953,1969.7917,4623,0,0
1954,1969.875,4748,0,0
1955,1969.9583,4582,0,0
1956,1970.0417,4791,0,0
1957,1970.125,4637,0,0
1958,1970.2083,4530,0,0
1959,1970.2917,4524,0,0
1960,1970.375,4512,0,0
1961,1970.4583,4573,0,0
1962,1970.5417,4503,0,0
1963,1970.625,4551,0,0
1964,1970.7083,4569,0,0
1965,1970.7917,4533,0,0
1966,1970.875,4694,0,0
1967,1970.9583,4532,0,0
1968,1971.0417,4719,0,0
1969,1971.125,4496,0,0
1970,1971.2083,4536,0,0
1971,1971.2917,4585,0,0
1972,1971.375,4579,0,0
1973,1971.4583,4571,0,0
1974,1971.5417,4552,0,0
1975,1971.625,4597,0,0
1976,1971.7083,4536,0,0
1977,1971.7917,4555,0,0
1978,1971.875,4542,0,0
1979,1971.9583,4490,0,0
1980,1972.0417,4640,0,0
1981,1972.125,4678,0,0
1982,1972.2083,4626,0,0
1983,1972.2917,4541,0,0
1984,1972.375,4548,0,0
1985,1972.4583,4562,0,0
1986,1972.5417,4507,0,0
1987,1972.625,4490,0,0
1988,1972.7083,4524,0,0
1989,1972.7917,4619,0,0
1990,1972.875,4609,0,0
1991,1972.9583,4696,0,0
1992,1973.0417,4551,0,0
1993,1973.125,4499,0,0
1994,1973.2083,4422,0,0
1995,1973.2917,4458,0,0
1996,1973.375,4591,0,0
1997,1973.4583,4493,0,0
1998,1973.5417,4567,0,0
1999,1973.625,4545,0,0
2000,1973.7083,4608,0,0
2001,1973.7917,4572,0,0
2002,1973.875,4550,0,0
2003,1973.9583,4582,0,0
2004,1974.0417,4682,0,0
2005,1974.125,4665,0,0
2006,1974.2083,4564,0,0
2007,1974.2917,4552,0,0
2008,1974.375,4585,0,0
2009,1974.4583,4571,0,0
2010,1974.5417,4525,0,0
2011,1974.625,4552,0,0
2012,1974.7083,4646,0,0
2013,1974.7917,4529,0,0
2014,1974.875,4656,0,0
2015,1974.9583,4528,0,0
2016,1975.0417,4615,0,0
2017,1975.125,4571,0,0
2018,1975.2083,4568,0,0
2019,1975.2917,4464,0,0
2020,1975.375,4491,0,0
2021,1975.4583,4508,0,0
2022,1975.5417,4535,0,0
2023,1975.625,4556,0,0
2024,1975.7083,4587,0,0
2025,1975.7917,4549,0,0
2026,1975.875,4584,0,0
2027,1975.9583,4458,0,0
2028,1976.0417,4464,0,0
2029,1976.125,4507,0,0
2030,1976.2083,4511,0,0
2031,1976.2917,4448,0,0
2032,1976.375,4487,0,0
2033,1976.4583,4487,0,0
2034,1976.5417,4482,0,0
2035,1976.625,4545,0,0
2036,1976.7083,4654,0,0
2037,1976.7917,4850,0,0
2038,1976.875,4622,0,0
2039,1976.9583,4713,0,0
2040,1977.0417,4676,0,0
2041,1977.125,4791,0,0
2042,1977.2083,4693,0,0
2043,1977.2917,4542,0,0
2044,1977.375,4515,0,0
2045,1977.4583,4533,0,0
2046,1977.5417,4529,0,0
2047,1977.625,4552,0,0
2048,1977.7083,4489,0,0
2049,1977.7917,4655,0,0
2050,1977.875,4605,0,0
2051,1977.9583,4674,0,0
2052,1978.0417,4557,0,0
2053,1978.125,4698,0,0
2054,1978.2083,4615,0,0
2055,1978.2917,4557,0,0
2056,1978.375,4543,0,0
2057,1978.4583,4552,0,0
2058,1978.5417,4528,0,0
2059,1978.625,4520,0,0
2060,1978.7083,4495,0,0
2061,1978.7917,4486,0,0
2062,1978.875,4520,0,0
2063,1978.9583,4858,0,0
2064,1979.0417,4672,0,0
2065,1979.125,4703,0,0
2066,1979.2083,4625,0,0
2067,1979.2917,4589,0,0
2068,1979.375,4544,0,0
2069,1979.4583,4519,0,0
2070,1979.5417,4481,0,0
2071,1979.625,4535,0,0
2072,1979.7083,4509,0,0
2073,1979.7917,4690,0,0
2074,1979.875,4561,0,0
2075,1979.9583,4640,0,0
2077,1980.125,4581,4,0
2078,1980.2083,4591,0,0
2079,1980.2917,4484,0,0
2080,1980.375,4564,0,0
2081,1980.4583,4622,0,0
2082,1980.5417,4582,0,0
2083,1980.625,4579,0,0
2084,1980.7083,4586,0,0
2085,1980.7917,4688,0,0
2086,1980.875,4592,0,0
2087,1980.9583,4473,0,0
2088,1981.0417,4407,0,0
2089,1981.125,4499,0,0
2090,1981.2083,4706,0,0
2091,1981.2917,4547,0,0
2092,1981.375,4683,0,0
2093,1981.4583,4553,0,0
2094,1981.5417,4538,0,0
2095,1981.625,4503,0,0
2096,1981.7083,4582,10,0
2097,1981.7917,4725,0,0
2098,1981.875,4607,0,0
2099,1981.9583,4834,0,0
2100,1982.0417,4718,7,0
2101,1982.125,4655,0,0
2102,1982.2083,4479,0,0
2103,1982.2917,4509,0,0
2105,1982.4583,4583,0,0
2106,1982.5417,4560,0,0
2107,1982.625,4566,0,0
2108,1982.7083,4629,0,0
2109,1982.7917,4719,7,0
2110,1982.875,4724,0,0
2111,1982.9583,4542,15,0
2112,1983.0417,4525,0,0
2113,1983.125,4587,0,0
2114,1983.2083,4553,0,0
2115,1983.2917,4678,0,0
2116,1983.375,4720,0,0
2117,1983.4583,4578,0,0
2118,1983.5417,4574,0,0
2119,1983.625,4544,0,0
2120,1983.7083,4634,0,0
2121,1983.7917,4624,0,0
2122,1983.875,4709,0,0
2123,1983.9583,4656,0,0
2124,1984.0417,4667,0,0
2125,1984.125,4545,0,0
2126,1984.2083,4578,0,0
2127,1984.2917,4549,0,0
2128,1984.375,4628,0,0
2129,1984.4583,4583,0,0
2130,1984.5417,4521,0,0
2131,1984.625,4498,0,0
2132,1984.7083,4613,0,0
2133,1984.7917,4659,0,0
2134,1984.875,4811,0,0
2135,1984.9583,4662,0,0
2136,1985.0417,4679,0,0
2137,1985.125,4672,0,0
2138,1985.2083,4606,0,0
2139,1985.2917,4604,0,0
2140,1985.375,4616,0,0
2141,1985.4583,4597,0,0
2142,1985.5417,4576,0,0
2143,1985.625,4619,0,0
2144,1985.7083,4551,0,0
2145,1985.7917,4570,0,0
2146,1985.875,4656,0,0
2147,1985.9583,4692,0,0
2148,1986.0417,4649,0,0
2149,1986.125,4625,0,0
2150,1986.2083,4563,0,0
2151,1986.2917,4589,0,0
2152,1986.375,4569,0,0
2153,1986.4583,4562,0,0
2154,1986.5417,4536,0,0
2155,1986.625,4570,0,0
2156,1986.7083,4583,0,0
2157,1986.7917,4639,0,0
2158,1986.875,4610,0,0
2159,1986.9583,4641,0,0
2160,1987.0417,4529,0,0
2161,1987.125,4605,0,0
2162,1987.2083,4566,0,0
2163,1987.2917,4585,0,0
2164,1987.375,4562,0,0
2165,1987.4583,4594,0,0
2166,1987.5417,4576,0,0
2167,1987.625,4624,0,0
2168,1987.7083,4649,0,0
2169,1987.7917,4850,0,0
2170,1987.875,4670,0,0
2171,1987.9583,4759,0,0
2172,1988.0417,4774,0,0
2173,1988.125,4624,0,0
2174,1988.2083,4558,0,0
2175,1988.2917,4600,0,0
2176,1988.375,4674,0,0
2177,1988.4583,4620,0,0
2178,1988.5417,4643,0,0
2179,1988.625,4588,0,0
2180,1988.7083,4592,0,0
2181,1988.7917,4740,0,0
2182,1988.875,4692,0,0
2183,1988.9583,4559,0,0
2184,1989.0417,4552,0,0
2185,1989.125,4641,0,0
2186,1989.2083,4607,0,0
2187,1989.2917,4633,0,0
2188,1989.375,4602,0,0
2189,1989.4583,4597,0,0
2190,1989.5417,4542,0,0
2191,1989.625,4605,0,0
2192,1989.7083,4595,0,0
2193,1989.7917,4651,0,0
2194,1989.875,4788,0,0
2195,1989.9583,4876,0,0
2196,1990.0417,4701,0,0
2197,1990.125,4761,0,0
2198,1990.2083,4488,0,0
2199,1990.2917,4523,0,0
2200,1990.375,4586,0,0
2201,1990.4583,4622,0,0
2202,1990.5417,4590,0,0
2203,1990.625,4584,0,0
2204,1990.7083,4589,0,0
2205,1990.7917,4763,0,0
2206,1990.875,4695,0,0
2207,1990.9583,4586,0,0
2208,1991.0417,4610,0,0
2209,1991.125,4574,0,0
2210,1991.2083,4634,0,0
2211,1991.2917,4530,0,0
2212,1991.375,4411,0,0
2213,1991.4583,4607,0,0
2214,1991.5417,4620,0,0
2215,1991.625,4558,0,0
2216,1991.7083,4661,0,0
2217,1991.7917,4674,0,0
2218,1991.875,4679,0,0
2219,1991.9583,4541,0,0
2220,1992.0417,4498,0,0
2221,1992.125,4494,0,0
2222,1992.2083,4484,0,0
2223,1992.2917,4549,0,0
2224,1992.375,4528,0,0
2225,1992.4583,4581,0,0
2226,1992.5417,4571,0,0
2227,1992.625,4676,0,0
2228,1992.7083,4666,0,0
2229,1992.7917,4693,0,0
2230,1992.875,4699,0,0
2231,1992.9583,4703,0,0
2232,1993.0417,4679,10,0
2233,1993.125,4494,0,0
2234,1993.2083,4524,0,0
2235,1993.2917,4651,0,0
2236,1993.375,4647,0,0
2237,1993.4583,4590,0,0
2238,1993.5417,4553,0,0
2239,1993.625,4541,0,0
2240,1993.7083,4731,0,0
2241,1993.7917,4739,0,0
2242,1993.875,4664,0,0
2243,1993.9583,4676,0,0
2244,1994.0417,4632,0,0
2245,1994.125,4712,0,0
2246,1994.2083,4553,0,0
2247,1994.2917,4545,0,0
2248,1994.375,4690,0,0
2249,1994.4583,4561,0,0
2250,1994.5417,4582,0,0
2251,1994.625,4644,0,0
2252,1994.7083,4698,0,0
2253,1994.7917,4732,0,0
2254,1994.875,4735,0,0
2255,1994.9583,4742,0,0
2256,1995.0417,4705,0,0
2257,1995.125,4733,0,0
2258,1995.2083,4596,0,0
2259,1995.2917,4541,0,0
2260,1995.375,4591,0,0
2261,1995.4583,4530,0,0
2262,1995.5417,4621,0,0
2263,1995.625,4566,0,0
2264,1995.7083,4669,0,0
2265,1995.7917,4712,0,0
2266,1995.875,4786,0,0
2267,1995.9583,4767,0,0
2268,1996.0417,4411,0,0
2269,1996.125,4126,0,0
2270,1996.2083,4154,0,0
2271,1996.2917,4100,0,0
2272,1996.375,4155,0,0
2273,1996.4583,4028,0,0
2274,1996.5417,4061,0,0
2275,1996.625,4085,0,0
2276,1996.7083,4098,0,0
2277,1996.7917,4150,0,0
2278,1996.875,4185,0,0
2279,1996.9583,4184,0,0
2280,1997.0417,4147,0,0
2281,1997.125,4110,0,0
2282,1997.2083,4010,0,0
2283,1997.2917,4018,0,0
2284,1997.375,4177,0,0
2285,1997.4583,4236,0,0
2286,1997.5417,4045,0,0
2287,1997.625,4139,0,0
2288,1997.7083,4112,0,0
2289,1997.7917,4215,0,0
2290,1997.875,4388,0,0
2291,1997.9583,4255,0,0
2292,1998.0417,4223,0,0
2293,1998.125,4077,0,0
2294,1998.2083,4040,0,0
2295,1998.2917,4263,0,0
2296,1998.375,4096,0,0
2297,1998.4583,4141,0,0
2298,1998.5417,4113,0,0
2299,1998.625,4054,0,0
2300,1998.7083,4209,0,0
2301,1998.7917,4185,0,0
2302,1998.875,4149,0,0
2303,1998.9583,4119,0,0
2304,1999.0417,4189,0,0
2305,1999.125,4002,0,0
2306,1999.2083,4114,1,0
2307,1999.2917,4117,0,0
2308,1999.375,4123,0,0
2309,1999.4583,4091,0,0
2310,1999.5417,4089,0,0
2311,1999.625,4189,0,0
2312,1999.7083,4262,0,0
2313,1999.7917,4253,0,0
2314,1999.875,4137,0,0
2315,1999.9583,4199,0,0
2316,2000.0417,4029,0,0
2317,2000.125,4089,0,0
2318,2000.2083,4017,0,0
2319,2000.2917,4256,0,0
2320,2000.375,4150,0,0
2321,2000.4583,4065,0,0
2322,2000.5417,4117,0,0
2323,2000.625,4088,0,0
2324,2000.7083,4185,0,0
2325,2000.7917,4202,0,0
2326,2000.875,4398,0,0
2327,2000.9583,4467,0,0
2328,2001.0417,4396,0,0
2329,2001.125,4157,0,0
2330,2001.2083,4351,0,0
2331,2001.2917,4115,0,0
2332,2001.375,4080,0,0
2333,2001.4583,4058,0,0
2334,2001.5417,4118,0,0
2335,2001.625,4125,0,0
2336,2001.7083,4128,0,0
2337,2001.7917,4295,0,0
2338,2001.875,4068,0,0
2339,2001.9583,4086,0,0
2340,2002.0417,4188,0,0
2341,2002.125,4189,0,0
2342,2002.2083,4116,0,0
2343,2002.2917,4115,0,0
2344,2002.375,4159,0,0
2345,2002.4583,4080,0,0
2346,2002.5417,4070,0,0
2347,2002.625,4085,0,0
2348,2002.7083,4142,0,0
2349,2002.7917,4260,0,0
2350,2002.875,4383,0,0
2351,2002.9583,4323,0,0
2352,2003.0417,4186,0,0
2353,2003.125,4135,0,0
2354,2003.2083,4163,0,0
2355,2003.2917,4189,0,0
2356,2003.375,4131,0,0
2357,2003.4583,4149,0,0
2358,2003.5417,4126,0,0
2359,2003.625,4116,0,0
2360,2003.7083,4119,0,0
2361,2003.7917,4215,0,0
2362,2003.875,4258,0,0
2363,2003.9583,4185,0,0
2364,2004.0417,4214,0,0
2365,2004.125,4111,0,0
2366,2004.2083,4109,0,0
2367,2004.2917,4155,0,0
2368,2004.375,4133,0,0
2369,2004.4583,4106,0,0
2370,2004.5417,4106,0,0
2371,2004.625,4230,0,0
2372,2004.7083,4136,0,0
2373,2004.7917,4368,0,0
2374,2004.875,4088,0,0
2375,2004.9583,4107,0,0
2376,2005.0417,4033,0,0
2377,2005.125,3984,0,0
2378,2005.2083,4089,0,0
2379,2005.2917,4126,0,0
2380,2005.375,4095,0,0
2381,2005.4583,4106,0,0
2382,2005.5417,4112,0,0
2383,2005.625,4081,0,0
2384,2005.7083,4130,0,0
2385,2005.7917,4218,0,0
2386,2005.875,4196,0,0
2387,2005.9583,4125,0,0
2388,2006.0417,4049,0,0
2389,2006.125,4081,0,0
2390,2006.2083,4156,0,0
2391,2006.2917,4068,0,0
2392,2006.375,4113,0,0
2393,2006.4583,4072,0,0
2394,2006.5417,4094,0,0
2395,2006.625,4102,0,0
2396,2006.7083,4214,0,0
2397,2006.7917,4351,0,0
2398,2006.875,4299,0,0
2399,2006.9583,4176,0,0
2400,2007.0417,4147,0,0
2401,2007.125,4271,0,0
2402,2007.2083,4102,0,0
2403,2007.2917,4059,0,0
2404,2007.375,4152,0,0
2405,2007.4583,4217,0,0
2406,2007.5417,4183,0,0
2407,2007.625,4132,0,0
2408,2007.7083,4092,0,0
2409,2007.7917,4146,0,0
2410,2007.875,4108,0,0
2411,2007.9583,4130,0,0
2412,2008.0417,4216,0,0
2413,2008.125,4151,0,0
2414,2008.2083,4165,0,0
2415,2008.2917,4187,0,0
2416,2008.375,4209,0,0
2417,2008.4583,4124,0,0
2418,2008.5417,4168,0,0
2419,2008.625,4173,0,0
2420,2008.7083,4178,0,0
2421,2008.7917,4182,0,0
2422,2008.875,4179,0,0
2423,2008.9583,4127,0,0
2424,2009.0417,4223,0,0
2425,2009.125,4158,0,0
2426,2009.2083,4098,0,0
2427,2009.2917,4144,0,0
2428,2009.375,4085,4,0
2429,2009.4583,4173,0,0
2430,2009.5417,4176,0,0
2431,2009.625,4133,0,0
2432,2009.7083,4084,0,0
2433,2009.7917,4205,0,0
2434,2009.875,4362,0,0
2435,2009.9583,4341,4,0
2436,2010.0417,4202,0,0
2437,2010.125,4314,3,0
2438,2010.2083,4178,0,0
2439,2010.2917,4118,0,0
2440,2010.375,4113,0,0
2441,2010.4583,4134,0,0
2442,2010.5417,4126,0,0
2443,2010.625,4136,0,0
2444,2010.7083,4176,0,0
2445,2010.7917,4269,0,0
2446,2010.875,4332,0,0
2447,2010.9583,4227,1,0
2448,2011.0417,4164,0,0
2449,2011.125,4191,0,0
2450,2011.2083,4085,0,0
2451,2011.2917,4113,0,0
2452,2011.375,4105,0,0
2453,2011.4583,4134,0,0
2454,2011.5417,4129,0,0
2455,2011.625,4149,0,0
2456,2011.7083,4168,0,0
2457,2011.7917,4182,0,0
2458,2011.875,4259,0,0
2459,2011.9583,4169,0,0
2460,2012.0417,4067,0,0
2461,2012.125,3916,0,0
2462,2012.2083,3983,0,0
2463,2012.2917,4231,0,0
2464,2012.375,4155,0,0
2465,2012.4583,4197,0,0
2466,2012.5417,4165,0,0
2467,2012.625,4219,0,0
2468,2012.7083,4170,0,0
2469,2012.7917,4305,0,0
2470,2012.875,4297,3,0
2471,2012.9583,4237,8,0
2472,2013.0417,4228,3,0
2473,2013.125,4102,0,0
2474,2013.2083,4279,0,0
2475,2013.2917,4183,4,0
2476,2013.375,4141,0,0
2477,2013.4583,4102,0,0
2478,2013.5417,4135,4,0
2479,2013.625,4146,0,0
2480,2013.7083,4154,0,0
2481,2013.7917,4312,0,0
2483,2013.9583,4239,0,0
2484,2014.0417,4380,0,0
2485,2014.125,4401,0,0
2486,2014.2083,4154,0,0
2487,2014.2917,4211,0,0
2488,2014.375,4159,0,0
2489,2014.4583,4151,0,0
2490,2014.5417,4153,0,0
2491,2014.625,4178,0,0
2492,2014.7083,4206,3,0
2493,2014.7917,4294,0,0
2494,2014.875,4441,0,0
2495,2014.9583,4144,0,0
2496,2015.0417,4158,0,0
2497,2015.125,4091,0,0
2498,2015.2083,4040,0,0
2499,2015.2917,4101,0,0
2500,2015.375,4155,0,0
2501,2015.4583,4090,0,0
2502,2015.5417,4161,0,0
2503,2015.625,4197,0,0
2504,2015.7083,4193,0,0
2505,2015.7917,4256,0,0
2506,2015.875,4228,0,0
2507,2015.9583,4290,0,0
2508,2016.0417,4350,0,0
2509,2016.125,4238,0,0
2510,2016.2083,4128,0,0
2511,2016.2917,4207,0,0
2512,2016.375,4208,6,0
2513,2016.4583,4175,0,0
2514,2016.5417,4134,0,0
2515,2016.625,4136,0,0
2516,2016.7083,4170,6,0
2517,2016.7917,4195,0,0
2518,2016.875,4244,0,0
2519,2016.9583,4139,0,0
2520,2017.0417,4103,4,0
2521,2017.125,4206,0,0
2522,2017.2083,4150,0,0
2523,2017.2917,4074,0,0
2524,2017.375,4209,0,0
2525,2017.4583,4190,0,0
2526,2017.5417,4183,0,0
2527,2017.625,4166,0,0
2528,2017.7083,4204,0,0
2529,2017.7917,4186,0,0
2530,2017.875,4177,0,0
2531,2017.9583,4186,0,0
2532,2018.0417,4239,0,0
2533,2018.125,4112,0,0
2534,2018.2083,4380,0,0
2535,2018.2917,4249,0,0
2536,2018.375,4155,0,0
2537,2018.4583,4165,3,0
2538,2018.5417,4167,3,0
2539,2018.625,4147,0,0
2540,2018.7083,4141,0,0
2541,2018.7917,4182,0,0
2542,2018.875,4346,0,0
2543,2018.9583,4261,0,0
2544,2019.0417,4120,0,0
2545,2019.125,4160,0,0
2546,2019.2083,4141,0,0
2547,2019.2917,4243,0,0
2548,2019.375,4156,0,0
2549,2019.4583,4198,0,0
2550,2019.5417,4199,0,0
2551,2019.625,4194,0,0
2552,2019.7083,4179,0,0
2553,2019.7917,4328,4,0
2554,2019.875,4425,0,0
2555,2019.9583,4367,9,0
2556,2020.0417,4252,3,0
2557,2020.125,4273,0,0
2558,2020.2083,4201,0,0
2559,2020.2917,4239,0,0
2560,2020.375,4164,0,0
2561,2020.4583,4271,0,0
2562,2020.5417,4158,0,0
2563,2020.625,4250,3,0
2564,2020.7083,4191,0,0
2567,2020.9583,4400,0,0